"PartNum","alpha","alphagain","alphaloss","rho","rhogain","rholoss","BIC","LogLikel"
1,0.327802615766425,NA,NA,0,NA,NA,192.91348060092,-91.6047100365405
10,0.275941467693964,NA,NA,1,NA,NA,152.044280018128,-71.1701097451441
11,0.625798917908286,NA,NA,1,NA,NA,191.26205997307,-90.7789997226153
2,0.347157172792428,NA,NA,0.551338328901275,NA,NA,80.6949448434405,-35.4954421578007
NA,NA,NA,NA,NA,NA,NA,NA,NA
NA,NA,NA,NA,NA,NA,NA,NA,NA
2,0.118178151037659,NA,NA,0.972210286756441,NA,NA,192.948974159413,-91.6224568157871
6,1,NA,NA,0,NA,NA,194.198653180015,-92.2472963260879
9,0.363111804734799,NA,NA,0.631209835979128,NA,NA,187.583200464153,-88.9395699681568
