"PartNum","alpha","alphagain","alphaloss","rho","rhogain","rholoss","BIC","LogLikel"
1,NA,1,1,0.817375909024816,NA,NA,186.319841175296,-85.8818751917684
10,NA,0.0271697342158616,0.985738968611501,0.748351734252759,NA,NA,125.014297384013,-55.2291032961269
11,NA,0.541634722520709,0.425314007119021,1,NA,NA,186.126939603759,-85.785424406
2,NA,0.00731704698368576,0.00868851237217442,0,NA,NA,85.9448298332473,-35.6943695207442
NA,NA,NA,NA,NA,NA,NA,NA,NA
NA,NA,NA,NA,NA,NA,NA,NA,NA
2,NA,0.274666554443045,0.212399324083565,1,NA,NA,196.644191698,-91.0440504531205
6,NA,1,0.128437205351137,0.861068490484135,NA,NA,195.839024110822,-90.6414666595314
9,NA,0.697032006443461,0.149545590189075,0.274093442862272,NA,NA,193.354795366537,-89.3993522873893
