"PartNum","alpha","alphagain","alphaloss","rho","rhogain","rholoss","BIC","LogLikel"
1,1,NA,NA,0.817387767481881,NA,NA,181.467810911483,-85.881875191822
10,0.000914822187614368,NA,NA,0.662317900936564,NA,NA,118.247458420822,-54.2716989464915
11,0.472092878895643,NA,NA,1,NA,NA,181.391270732944,-85.8436051025523
2,0.313329994210568,NA,NA,1,NA,NA,85.1523729501573,-37.724156211159
NA,NA,NA,NA,NA,NA,NA,NA,NA
NA,NA,NA,NA,NA,NA,NA,NA,NA
2,0.238733304194926,NA,NA,1,NA,NA,191.818631021093,-91.0572852466271
6,0.282135198861217,NA,NA,0.797740577971831,NA,NA,193.099612792762,-91.6977761324616
9,0.871938833416861,NA,NA,0.229028713011656,NA,NA,189.833033693504,-90.0644865828325
