"PartNum","alpha","alphagain","alphaloss","rho","rhogain","rholoss","BIC","LogLikel"
1,NA,1,1,NA,NA,NA,181.476382336287,-85.8861609042239
10,NA,0.0276181091087189,0.971121476327224,NA,NA,NA,120.179606633173,-55.237773052667
11,NA,0.541636190038112,0.425312693512685,NA,NA,NA,181.274909339869,-85.7854244060148
2,NA,0.256736098242344,0.390178628526047,NA,NA,NA,84.8677577255965,-37.5818485988786
NA,NA,NA,NA,NA,NA,NA,NA,NA
NA,NA,NA,NA,NA,NA,NA,NA,NA
2,NA,0.274664210139249,0.212401790878131,NA,NA,NA,191.7921614342,-91.0440504531802
6,NA,1,0.128549795311829,NA,NA,NA,191.001233538886,-90.6485865055232
9,NA,0.307501554093574,1,NA,NA,NA,189.990145342763,-90.1430424074618
