"PartNum","alpha","alphagain","alphaloss","rho","rhogain","rholoss","BIC","LogLikel"
1,1,NA,NA,NA,1,0.398168370661741,180.141237151857,-82.792573180049
10,0.000790855323786382,NA,NA,NA,0.843099296720762,0.607797772151386,122.476576443632,-53.9602428259365
11,0.464968827555345,NA,NA,NA,1,0.731756462480317,185.014731515356,-85.2293203617986
2,1,NA,NA,NA,0.500001718741699,0,99.5639568664998,-42.5039330373705
NA,NA,NA,NA,NA,NA,NA,NA,NA
NA,NA,NA,NA,NA,NA,NA,NA,NA
2,0.212972061000477,NA,NA,NA,1,0.635780024045318,195.751993088404,-90.5979511483226
6,0.310371220345555,NA,NA,NA,1,0.825698163810941,197.89905702164,-91.6714831149403
9,0.206831259662133,NA,NA,NA,0.910104414627119,0.406437341532903,192.294403125284,-88.8691561667625
