"PartNum","alpha","alphagain","alphaloss","rho","rhogain","rholoss","BIC","LogLikel"
1,1,NA,NA,NA,NA,NA,181.79769693901,-88.4728333375454
10,0.275945513501221,NA,NA,NA,NA,NA,147.192249754564,-71.1701097453223
11,0.625781354760493,NA,NA,NA,NA,NA,186.41002970783,-90.7789997219554
2,0.314125695534032,NA,NA,NA,NA,NA,76.8636338162782,-36.0058017761793
NA,NA,NA,NA,NA,NA,NA,NA,NA
NA,NA,NA,NA,NA,NA,NA,NA,NA
2,0.120055261403416,NA,NA,NA,NA,NA,188.097287091534,-91.6226284138071
6,0.855096916173377,NA,NA,NA,NA,NA,188.899304764627,-92.0236372503536
9,0.341738962282327,NA,NA,NA,NA,NA,182.955929602323,-89.0519496692015
