"PartNum","alpha","alphagain","alphaloss","rho","rhogain","rholoss","BIC","LogLikel"
1,1,NA,NA,NA,NA,NA,176.624352072367,-85.8861609042239
10,0.86222967853113,NA,NA,NA,NA,NA,116.438372119563,-55.7931709278217
11,0.472093845429236,NA,NA,NA,NA,NA,176.539240469055,-85.8436051025679
2,0.313329323830099,NA,NA,NA,NA,NA,80.3003426862113,-37.7241562111458
NA,NA,NA,NA,NA,NA,NA,NA,NA
NA,NA,NA,NA,NA,NA,NA,NA,NA
2,0.238734047294156,NA,NA,NA,NA,NA,186.966600757265,-91.0572852466728
6,0.34935337209184,NA,NA,NA,NA,NA,188.247783880813,-91.6978768084468
9,0.986583424077367,NA,NA,NA,NA,NA,186.643364827406,-90.8956672817434
