"PartNum","alpha","alphagain","alphaloss","rho","rhogain","rholoss","BIC","LogLikel"
1,NA,1,1,NA,NA,NA,186.64972720293,-88.4728333375454
10,NA,0,0.284155274585664,NA,NA,NA,148.504025223143,-69.399982347652
11,NA,0.37286808588068,0.00308882549026113,NA,NA,NA,184.374438726823,-87.3351890994917
2,NA,0.248121175224109,0.418766962599222,NA,NA,NA,81.2400251443725,-35.7679823082667
NA,NA,NA,NA,NA,NA,NA,NA,NA
NA,NA,NA,NA,NA,NA,NA,NA,NA
2,NA,0.266845242353056,0.0231756063203333,NA,NA,NA,191.114717069746,-90.7053282709534
6,NA,1,0.0663661398302278,NA,NA,NA,191.874954464192,-91.0854469681763
9,NA,0.286417677371547,0.456006692317805,NA,NA,NA,187.571961162347,-88.9339503172537
