"PartNum","alpha","alphagain","alphaloss","rho","rhogain","rholoss","BIC","LogLikel"
1,NA,1,1,NA,1,0.398168764670473,184.993267415779,-82.7925731800503
10,NA,0.511890630468826,0.0495394895759836,NA,0.762494845372,0.469417750014194,123.711820973641,-52.1518499589815
11,NA,0.472169021777805,0.457920057038302,NA,1,0.734526872497525,189.864756331507,-85.228317637914
2,NA,0.00633437057580728,0.00648504170470777,NA,0.208322268475127,0.00313903806522863,91.8671356429521,-36.2295072936368
NA,NA,NA,NA,NA,NA,NA,NA,NA
NA,NA,NA,NA,NA,NA,NA,NA,NA
2,NA,0.222492716797198,0.20339042846497,NA,1,0.638355065537925,200.599431682643,-90.595655313482
6,NA,1,0.130248213058308,NA,0.930683612219183,0.718134153820484,200.521256216096,-90.5565675802088
9,NA,0.329371770252357,0.100480574997579,NA,0.62207016194973,0.338312447053131,195.588724047668,-88.090301495995
