"PartNum","alpha","alphagain","alphaloss","rho","rhogain","rholoss","BIC","LogLikel"
1,NA,1,1,1,NA,NA,191.50175746685,-88.4728333375454
10,NA,0,0.284155692189222,1,NA,NA,153.356055487163,-69.399982347702
11,NA,0.372843299235929,0.00309803870684458,1,NA,NA,189.226469578094,-87.3351893931674
2,NA,0.29757055957723,0.455021505973761,0.532140808203793,NA,NA,84.9890338190584,-35.2164715136498
NA,NA,NA,NA,NA,NA,NA,NA,NA
NA,NA,NA,NA,NA,NA,NA,NA,NA
2,NA,0.266879832211261,0.0231818174525911,1,NA,NA,195.966747438036,-90.7053283231387
6,NA,0,0.83218482977334,0.107864864092298,NA,NA,198.253100788385,-91.8485049983131
9,NA,0.314241387460083,0.42619108773197,0.759493876178177,NA,NA,192.387114505553,-88.915511856897
