"PartNum","alpha","alphagain","alphaloss","rho","rhogain","rholoss","BIC","LogLikel"
1,NA,1,1,NA,1,0.385942570103617,190.119530383327,-85.3557046638243
10,NA,0,0.284155533715815,NA,0,1,158.208085751043,-69.3999823476821
11,NA,0.550027467129576,0.602155472481685,NA,1,0.462568042400004,198.479973868884,-89.5359264066026
2,NA,0.319360497560538,0.525102077353815,NA,0.236852012463486,0.475909232304455,87.5819255863335,-34.0869022653275
NA,NA,NA,NA,NA,NA,NA,NA,NA
NA,NA,NA,NA,NA,NA,NA,NA,NA
2,NA,0.274355427891333,0,NA,1,0.264377533316583,201.713105829129,-91.1524923867251
6,NA,1,0.0751512190332277,NA,0.957888653409843,0.602881227329865,201.203019979812,-90.8974494620667
9,NA,0.237443004975741,0.373796984191411,NA,1,0.569838939423562,194.367863772586,-87.4798713584538
